<ReporteCreditoIndividuo>
    <DatosGenerales>
        <PrimerNombre>Luis</PrimerNombre>
        <SegundoNombre/>

        <PrimerApellido>Segura</PrimerApellido>
        <SegundoApellido>Limbert</SegundoApellido>
        <CedulaNueva>22300597881</CedulaNueva>
        <CedulaVieja></CedulaVieja>

        <Sexo>MASCULINO</Sexo>
        <Pasaporte/>

        <LugarNacimiento>SANTO DOMINGO, R.D.</LugarNacimiento>
        <FechaNacimiento>28-03-89</FechaNacimiento>
        <EstadoCivil>SOLTERO</EstadoCivil>

        <Edad>28</Edad>

        <Ocupacion>ESTUDIANTE</Ocupacion>
        <Categoria></Categoria>

        <Conyogue/>

        <CedulaConyugue/>
        <Padre/>
        <Madre/>
    </DatosGenerales>

    <Telefonos>
        <Telef>
            <Numero></Numero>
            <Tipo></Tipo>
        </Telef>

        <Telef>
            <Numero></Numero>
            <Tipo></Tipo>
        </Telef>

        <Telef>
            <Numero></Numero>
            <Tipo></Tipo>
        </Telef>
    </Telefonos>

    <Direcciones>
        <Dir>
            <Direccios></Direccios>
        </Dir>

        <Dir>
            <Direccios></Direccios>
        </Dir>

        <Dir>
            <Direccios></Direccios>
        </Dir>
    </Direcciones>

    <InformacionPublicaJudicial/>

    <ResumenTransacciones>
        <ResumenTrxs Moneda="R">
            <Categoria></Categoria>
            <Suscriptor></Suscriptor>
            <CantidadCuentas></CantidadCuentas>
            <LimiteCredito></LimiteCredito>
            <Balance></Balance>
            <PcUtilizancion></PcUtilizancion>
            <MontoAraso></MontoAraso>

            <LimiteCredito></LimiteCredito>
            <BalanceUS></BalanceUS>
            <PcUtilizancionUS></PcUtilizancionUS>
            <MontoAtrasoUS></MontoAtrasoUS>
        </ResumenTrxs>

        <ResumenTrxs Moneda="R">
            <Categoria></Categoria>
            <Suscriptor></Suscriptor>
            <CantidadCuentas></CantidadCuentas>
            <LimiteCredito></LimiteCredito>
            <Balance></Balance>
            <PcUtilizancion></PcUtilizancion>
            <MontoAraso></MontoAraso>

            <LimiteCredito></LimiteCredito>
            <BalanceUS></BalanceUS>
            <PcUtilizancionUS></PcUtilizancionUS>
            <MontoAtrasoUS></MontoAtrasoUS>
        </ResumenTrxs>

        <ResumenTrxs Moneda="R">
            <Categoria></Categoria>
            <Suscriptor></Suscriptor>
            <CantidadCuentas></CantidadCuentas>
            <LimiteCredito></LimiteCredito>
            <Balance></Balance>
            <PcUtilizancion></PcUtilizancion>
            <MontoAraso></MontoAraso>

            <LimiteCredito></LimiteCredito>
            <BalanceUS></BalanceUS>
            <PcUtilizancionUS></PcUtilizancionUS>
            <MontoAtrasoUS></MontoAtrasoUS>
        </ResumenTrxs>
    </ResumenTransacciones>

    <Activas>
        <Transac D30="3" D60="2" D90="2" D120="8" D150="10" U_D30="" U_D60="" U_D90="" U_D120="" U_D150="">
            <Categoria></Categoria>
            <Suscriptor></Suscriptor>
            <FechaApertura></FechaApertura>
            <FechaUltimaAct></FechaUltimaAct>
            <FechaVencimiento></FechaVencimiento>
            <FechaUltimaTrx></FechaUltimaTrx>
            
            <LimiteCredito></LimiteCredito>
            <Balance></Balance>
            <MontoAtraso></MontoAtraso>

            <Estatus></Estatus>
            <Comportamiento></Comportamiento>
            <NoCuotas></NoCuotas>
            <MontoCuotas></MontoCuotas>

            <U_Categoria/>
            <U_Suscriptor/>
            <U_FechaApertura/>
            <U_FechaultimaAct/>
            <U_FechaVencimiento/>
            <U_FechaUltimaTrx/>

            <U_LimiteCredito/>

            <U_Balance/>
            <U_MontoAtraso/>
            <U_Comportamiento/>
            <U_NoCuotas/>
            <U_MontoCuotas/>

            <Transferido/>
            <Impugnado/>

        </Transac>
    </Activas>


    <Inactivas>
        <Tranx D30="3" D60="2" D90="2" D120="8" D150="10" U_D30="" U_D60="" U_D90="" U_D120="" U_D150="">
            <Categoria></Categoria>
            <Suscriptor></Suscriptor>
            <FechaApertura></FechaApertura>
            <FechaUltimaAct></FechaUltimaAct>
            <FechaVencimiento></FechaVencimiento>
            <FechaUltimaTrx></FechaUltimaTrx>
            
            <LimiteCredito></LimiteCredito>
            <Balance></Balance>
            <MontoAtraso></MontoAtraso>

            <Estatus></Estatus>
            <Comportamiento></Comportamiento>
            <NoCuotas></NoCuotas>
            <MontoCuotas></MontoCuotas>

            <U_Categoria/>
            <U_Suscriptor/>
            <U_FechaApertura/>
            <U_FechaultimaAct/>
            <U_FechaVencimiento/>
            <U_FechaUltimaTrx/>

            <U_LimiteCredito/>

            <U_Balance/>
            <U_MontoAtraso/>
            <U_Comportamiento/>
            <U_NoCuotas/>
            <U_MontoCuotas/>

            <Transferido/>
            <Impugnado/>
        </Tranx>
    </Inactivas>

    <Indagaciones>

        <Inquiry>
            <FechaIndagacion></FechaIndagacion>
            <Suscriptor></Suscriptor>
            <Hora></Hora>
            <Tipo></Tipo>
        </Inquiry>

        <Inquiry>
            <FechaIndagacion></FechaIndagacion>
            <Suscriptor></Suscriptor>
            <Hora></Hora>
            <Tipo></Tipo>
        </Inquiry>

        <Inquiry>
            <FechaIndagacion></FechaIndagacion>
            <Suscriptor></Suscriptor>
            <Hora></Hora>
            <Tipo></Tipo>
        </Inquiry>

        <Inquiry>
            <FechaIndagacion></FechaIndagacion>
            <Suscriptor></Suscriptor>
            <Hora></Hora>
            <Tipo></Tipo>
        </Inquiry>

    </Indagaciones>
</ReporteCreditoIndividuo>